word	length	weight	prefixratio	val
Peripheral Arterial Occlusive Disease	38	1183	31.13157894736842	1
zealously	9	461	51.22222222222222	0
interested	10	432	43.2	0
Deep Vein Thrombosis	21	774	36.857142857142854	1
BSE	4	79	19.75	1
Lung Cancer	12	434	36.166666666666664	1
Spotted Fever Group Rickettsia	31	1053	33.96774193548387	1
HIV/AIDS and STDs	18	492	27.333333333333332	1
Thrush	7	229	32.714285714285715	1
Histoplasmosis	15	565	37.666666666666664	1
Thrombophilia	14	425	30.357142857142858	1
extended	8	301	37.625	0
oh	2	104	52.0	0
acceptance	10	407	40.7	0
Sappinia diploidea and Sappinia pedata	39	1306	33.48717948717949	1
Depending	9	418	46.44444444444444	0
Heat Stress	12	455	37.916666666666664	1
Black Lung	11	340	30.90909090909091	1
Methicillin Resistant Staphylococcus aureus	44	1454	33.04545454545455	1
reasonable	10	404	40.4	0
Fragile X Syndrome	19	655	34.473684210526315	1
Alzheimer's Disease	20	644	32.2	1
he	2	101	50.5	0
stand	5	210	42.0	0
of	2	102	51.0	0
Swine Influenza	16	557	34.8125	1
polite	6	322	53.666666666666664	0
Horses	6	331	55.166666666666664	0
narrow.	7	276	39.42857142857143	0
reasonably	10	424	42.4	0
law.	4	165	41.25	0
By	2	121	60.5	0
end	3	210	70.0	0
Pneumocystis jirovecii pneumonia	33	1119	33.90909090909091	1
Dog Bites	10	342	34.2	1
Influenza, Avian	17	505	29.705882352941178	1
any	3	231	77.0	0
Congenital Heart Defects	25	744	29.76	1
Mental Retardation	19	649	34.1578947368421	1
Leptospirosis	14	456	32.57142857142857	1
number	6	313	52.166666666666664	0
Sepsis	7	230	32.857142857142854	1
preferred.	10	361	36.1	0
Flu, Seasonal	14	436	31.142857142857142	1
Dientamoeba fragilis Infection	31	969	31.258064516129032	1
pretty	6	353	58.833333333333336	0
STEC	5	77	15.4	1
given.	6	257	42.833333333333336	0
Herpes Zoster	14	456	32.57142857142857	1
Motor Vehicle Injuries	23	778	33.82608695652174	1
CDI	4	83	20.75	1
so	2	111	55.5	0
Herpes Simplex Virus Infection	31	969	31.258064516129032	1
Favour	6	342	57.0	0
terminated	10	414	41.4	0
There	5	215	43.0	0
Agricultural Safety	20	630	31.5	1
to	2	111	55.5	0
easily	6	334	55.666666666666664	0
Diet and Nutrition	19	671	35.31578947368421	1
Cancer	7	225	32.142857142857146	1
Strep Infection, Group B	25	665	26.6	1
Gnathostomiasis	16	547	34.1875	1
AHF	4	80	20.0	1
devonshire	10	424	42.4	0
Reptiles, Infections from	26	814	31.307692307692307	1
no	2	111	55.5	0
impossible.	11	353	32.09090909090909	0
Enteric Diseases from Animals	30	971	32.36666666666667	1
acuteness	9	441	49.0	0
Infectious Mononucleosis	25	881	35.24	1
old.	4	146	36.5	0
Off	3	204	68.0	0
sake.	5	147	29.4	0
valley	6	330	55.0	0
he	2	101	50.5	0
Cytomegalovirus Infection	26	864	33.23076923076923	1
Meningococcal Disease	22	712	32.36363636363637	1
Escherichia coli Infection	27	937	34.7037037037037	1
NTD	4	78	19.5	1
Filariasis, Lymphatic	22	752	34.18181818181818	1
if.	3	148	49.333333333333336	0
Uterine Cancer	15	531	35.4	1
DF	3	80	26.666666666666668	1
draw	4	216	54.0	0
Hereditary Bleeding Disorders	30	985	32.833333333333336	1
Strep Infection, Group A	25	664	26.56	1
Sickle Cell Disease	20	644	32.2	1
Mononucleosis, Infectious	26	876	33.69230769230769	1
Group B Strep Infection	24	864	36.0	1
Rodents	8	241	30.125	1
Chronic Disease Indicators	27	977	36.18518518518518	1
one	3	211	70.33333333333333	0
CHHF	5	80	16.0	1
it.	3	162	54.0	0
is	2	115	57.5	0
Pseudomonas dermatitis Infection	33	1084	32.84848484848485	1
CTE	4	79	19.75	1
HFMD	5	78	15.6	1
Sporothrix schenckii infection	31	1001	32.29032258064516	1
old	3	208	69.33333333333333	0
Pneumococcal Disease	21	712	33.904761904761905	1
Invasive Candidiasis	21	752	35.80952380952381	1
HPV Vaccination	16	549	34.3125	1
You	3	228	76.0	0
Monkey B virus	15	579	38.6	1
Food Poisoning	15	549	36.6	1
DHF	4	80	20.0	1
Lyme Disease	13	424	32.61538461538461	1
RVF	4	80	20.0	1
Antibiotic and Antimicrobial Resistance	40	1288	32.2	1
Hemorrhagic Fevers, Viral	26	711	27.346153846153847	1
Rabies	7	226	32.285714285714285	1
Foodborne Illness	18	667	37.05555555555556	1
him	3	214	71.33333333333333	0
Cryptococcosis, C. gattii.	27	776	28.74074074074074	1
ADHD 	6	110	18.333333333333332	1
Gonorrhea	10	312	31.2	1
Colorectal Cancer and Genetics	31	960	30.967741935483872	1
Avian Influenza	16	557	34.8125	1
National Amyotrophic Lateral Sclerosis	39	1312	33.64102564102564	1
met	3	217	72.33333333333333	0
Skin Cancer	12	434	36.166666666666664	1
precaution	10	442	44.2	0
Staphylococcus aureus Infection	32	969	30.28125	1
to	2	111	55.5	0
Poliomyelitis Vaccination	26	863	33.19230769230769	1
Lymphatic Filariasis	21	758	36.095238095238095	1
Genetics and Heart Disease	27	860	31.85185185185185	1
sell	4	216	54.0	0
Elephantiasis	14	442	31.571428571428573	1
Dwarf Tapeworm	15	564	37.6	1
Powassan	9	332	36.888888888888886	1
Schistosomiasis	16	547	34.1875	1
determine	9	425	47.22222222222222	0
HPV-Associated Cancers	23	713	31.0	1
Hymenolepis Infection	22	754	34.27272727272727	1
Histoplasma capsulatum Infection	33	1078	32.666666666666664	1
so	2	111	55.5	0
defective	9	440	48.888888888888886	0
Loa loa Infection	18	652	36.22222222222222	1
by	2	121	60.5	0
TB Education and Training Network	34	1106	32.529411764705884	1
Hemophilia	11	320	29.09090909090909	1
Gout	5	126	25.2	1
merit	5	221	44.2	0
Ear Infection	14	452	32.285714285714285	1
Antibiotic Use, Appropriate	28	992	35.42857142857143	1
discovery	9	454	50.44444444444444	0
Hansen's Disease	17	539	31.705882352941178	1
Gonorrhea	10	312	31.2	1
Human Ehrlichiosis	19	665	35.0	1
middletons	10	452	45.2	0
ham	3	206	68.66666666666667	0
drew.	5	165	33.0	0
Anthrax	8	227	28.375	1
Heterophyes Infection	22	754	34.27272727272727	1
AFib, AF	9	177	19.666666666666668	1
Endophthalmitis, Fungal	24	691	28.791666666666668	1
Rocky Mountain Spotted Fever	29	863	29.75862068965517	1
ecstatic	8	320	40.0	0
ought	5	220	44.0	0
genius.	7	278	39.714285714285715	0
Coxiella burnetii Infection	28	937	33.464285714285715	1
Salt	5	126	25.2	1
Primary Amebic Meningoencephalitis	35	1182	33.77142857142857	1
Q Fever	8	225	28.125	1
mr	2	114	57.0	0
Rat-Bite Fever	15	514	34.266666666666666	1
settle	6	325	54.166666666666664	0
PCP	4	90	22.5	1
Shingles	9	334	37.111111111111114	1
SIDS	5	93	18.6	1
sir	3	219	73.0	0
furniture	9	448	49.77777777777778	0
noise exposure	15	568	37.86666666666667	1
EV-D68	7	120	17.142857142857142	1
feebly	6	327	54.5	0
CRKP	5	90	18.0	1
wish	4	219	54.75	0
Back Belts	11	349	31.727272727272727	1
Kyasanur Forest disease	24	776	32.333333333333336	1
Mental Health and Genetics	27	860	31.85185185185185	1
learning	8	318	39.75	0
Leishmaniasis	14	442	31.571428571428573	1
Mistaken	8	318	39.75	0
shot	4	227	56.75	0
CWD	4	78	19.5	1
IMMPaCt	8	193	24.125	1
of	2	102	51.0	0
preferred	9	429	47.666666666666664	0
Nocardia asteroides Infection	30	969	32.3	1
Burkholderia cepacia Infection	31	969	31.258064516129032	1
Blood Disorders	16	554	34.625	1
so	2	111	55.5	0
Imprudence	10	411	41.1	0
companions	10	441	44.1	0
nay.	4	167	41.75	0
Tetanus Disease	16	539	33.6875	1
increasing	10	433	43.3	0
ye.	3	147	49.0	0
RWI	4	83	20.75	1
breakfast	9	430	47.77777777777778	0
these	5	216	43.2	0
RSV	4	96	24.0	1
Aspergillus Infection	22	754	34.27272727272727	1
Bacterial Vaginosis	20	671	33.55	1
Hepatitis A Vaccination	24	863	35.958333333333336	1
Hyperthermia	13	435	33.46153846153846	1
Nonpathogenic	14	425	30.357142857142858	1
wholly	6	337	56.166666666666664	0
Cyclospora Infection	21	754	35.904761904761905	1
Legionnaires' Disease	22	712	32.36363636363637	1
Mucus	6	242	40.333333333333336	1
projecting.	11	364	33.09090909090909	0
Opisthorchis Infection	23	754	32.78260869565217	1
twenty.	7	283	40.42857142857143	0
Neisseria gonorrhoeae Infection	32	969	30.28125	1
Total	5	205	41.0	0
Fasciolopsis Infection	23	754	32.78260869565217	1
Severe Acute Respiratory Syndrome	34	1126	33.11764705882353	1
Shigellosis	12	456	38.0	1
Histoplasmosis	15	565	37.666666666666664	1
Hib Vaccine	12	425	35.416666666666664	1
Invasive Candidiasis	21	752	35.80952380952381	1
Extreme Heat	13	396	30.46153846153846	1
Autism	7	234	33.42857142857143	1
these	5	216	43.2	0
ye	2	101	50.5	0
Cancer and Flu	15	437	29.133333333333333	1
Common Cold	12	396	33.0	1
Breast and Ovarian Cancer and Family Health History	52	1655	31.826923076923077	1
so.	3	157	52.333333333333336	0
situation	9	442	49.111111111111114	0
middletons	10	452	45.2	0
Occupational Skin Conditions	29	993	34.241379310344826	1
objection	9	442	49.111111111111114	0
Food-Related Diseases	22	759	34.5	1
advantages	10	416	41.6	0
joy	3	232	77.33333333333333	0
lived.	6	247	41.166666666666664	0
she	3	205	68.33333333333333	0
Chronic Kidney Disease	23	712	30.956521739130434	1
Human Papillomavirus Infection	31	969	31.258064516129032	1
Genetics and Skin Cancer	25	740	29.6	1
Pertussis	10	345	34.5	1
her	3	215	71.66666666666667	0
quick	5	206	41.2	0
is	2	115	57.5	0
Brucella Infection	19	652	34.31578947368421	1
Sudden Infant Death Syndrome	29	891	30.724137931034484	1
Latex Allergies	16	548	34.25	1
repulsive	9	439	48.77777777777778	0
hence.	6	246	41.0	0
living	6	318	53.0	0
of	2	102	51.0	0
Mycobacterium tuberculosis Infection	37	1189	32.13513513513514	1
Seasonal Flu	13	337	25.923076923076923	1
Blastocystis hominis Infection	31	969	31.258064516129032	1
Contrasted	10	432	43.2	0
on	2	110	55.0	0
Skin Cancer and Genetics	25	828	33.12	1
OA	3	75	25.0	1
Childhood Arthritis	20	669	33.45	1
in	2	110	55.0	0
found	5	210	42.0	0
Anaplasmosis, Human	20	547	27.35	1
Melioidosis	12	456	38.0	1
Listeriosis	12	456	38.0	1
Is	2	115	57.5	0
Lockjaw	8	226	28.25	1
Cold, Common	13	449	34.53846153846154	1
PAD	4	78	19.5	1
Pandemic Flu	13	337	25.923076923076923	1
court	5	230	46.0	0
Diphyllobothriasis	19	661	34.78947368421053	1
Poxvirus Infections	20	666	33.3	1
unaffected.	11	363	33.0	0
Ticks	6	232	38.666666666666664	1
Surveillance Reports, Sexually Transmitted Disease	51	1713	33.588235294117645	1
Clonorchis Infection	21	754	35.904761904761905	1
All	3	216	72.0	0
Chronic Fatigue Syndrome	25	859	34.36	1
Newborn Jaundice	17	525	30.88235294117647	1
Mycobacterium abscessus Infection	34	1084	31.88235294117647	1
Early Hearing Detection and Intervention	41	1327	32.36585365853659	1
of	2	102	51.0	0
Osteoarthritis	15	565	37.666666666666664	1
Sinusitus	10	358	35.8	1
Southern Tick-Associated Rash Illness	38	1170	30.789473684210527	1
RBF	4	80	20.0	1
Cryptococcosis, C. neoformans	30	1090	36.333333333333336	1
agreement	9	436	48.44444444444444	0
Intestinal Amebae Infection, Nonpathogenic	43	1399	32.53488372093023	1
Haemophilus influenzae Serotype b	34	1031	30.323529411764707	1
Longer	6	318	53.0	0
Dogs, Infections from	22	703	31.954545454545453	1
Birth Defects	14	441	31.5	1
Rubeola	8	215	26.875	1
high	4	207	51.75	0
ye	2	101	50.5	0
Salmonellosis	14	456	32.57142857142857	1
Bacterial Meningitis	21	769	36.61904761904762	1
discovered	10	416	41.6	0
knowledge	9	405	45.0	0
Injury, Healthy Swimming and Recreational Water	48	1615	33.645833333333336	1
subject.	8	261	32.625	0
worth	5	220	44.0	0
cousins	7	330	47.142857142857146	0
Tetanus	8	242	30.25	1
not	3	227	75.66666666666667	0
Giardia Infection	18	652	36.22222222222222	1
Bronchitis	11	346	31.454545454545453	1
AIDS	5	93	18.6	1
partiality.	11	388	35.27272727272727	0
Design	6	318	53.0	0
Herpesvirus B	14	340	24.285714285714285	1
at	2	116	58.0	0
Rocky Mountain Spotted Fever	29	863	29.75862068965517	1
no	2	111	55.5	0
Clostridium perfringens infection	34	1116	32.8235294117647	1
peculiar	8	316	39.5	0
Human Immunodeficiency Virus	29	909	31.344827586206897	1
On	2	110	55.0	0
Cat Flea Tapeworm	18	676	37.55555555555556	1
Head Lice	10	315	31.5	1
Carbapenem-resistant Enterobacteriaceae	40	1346	33.65	1
had	3	197	65.66666666666667	0
prevailed	9	414	46.0	0
ye	2	101	50.5	0
few	3	220	73.33333333333333	0
HPIV	5	96	19.2	1
Bovine Spongiform Encephalopathy	33	1193	36.15151515151515	1
Leptospira Infection	21	754	35.904761904761905	1
Pelvic Inflammatory Disease	28	865	30.892857142857142	1
PPV	4	96	24.0	1
dependent	9	427	47.44444444444444	0
Heterophyiasis	15	547	36.46666666666667	1
met	3	217	72.33333333333333	0
H1N1 Flu	9	305	33.888888888888886	1
husbands	8	325	40.625	0
Mycotic diseases	17	539	31.705882352941178	1
high.	5	150	30.0	0
Prevailed	9	414	46.0	0
Conjunctivitis	15	569	37.93333333333333	1
many	4	231	57.75	0
Add	3	200	66.66666666666667	0
neglected.	10	363	36.3	0
SLE	4	79	19.75	1
Monkeypox	10	353	35.3	1
disposal	8	320	40.0	0
him	3	214	71.33333333333333	0
ought	5	220	44.0	0
surgical site infection	24	864	36.0	1
Paragonimus Infection	22	754	34.27272727272727	1
Blastomycosis	14	456	32.57142857142857	1
rest	4	231	57.75	0
Health Security	16	583	36.4375	1
E. coli Infection	18	652	36.22222222222222	1
GBS	4	93	23.25	1
Impetigo	9	329	36.55555555555556	1
HeV Infection	14	452	32.285714285714285	1
Norovirus Infection	20	652	32.6	1
Chlamydia pneumoniae Infection	31	969	31.258064516129032	1
man	3	207	69.0	0
LBRF	5	80	16.0	1
Septic shock	13	431	33.15384615384615	1
Shigella Infection	19	652	34.31578947368421	1
Cystoisospora Infection	24	864	36.0	1
Genital Candidiasis	20	647	32.35	1
Diabetes	9	342	38.0	1
men	3	211	70.33333333333333	0
Ascariasis	11	345	31.363636363636363	1
H5N1	5	59	11.8	1
ALS	4	93	23.25	1
Ebola Virus Disease	20	644	32.2	1
Murine Typhus	14	458	32.714285714285715	1
K. pneumoniae	14	423	30.214285714285715	1
Granulomatous Amebic Encephalitis	34	1182	34.76470588235294	1
waited	6	317	52.833333333333336	0
Gout	5	126	25.2	1
Esophageal Candidiasis	23	752	32.69565217391305	1
blood clot	11	345	31.363636363636363	1
raptures	8	330	41.25	0
MRSA	5	75	15.0	1
Fish and Amphibians, Infections from	37	1235	33.37837837837838	1
literature	10	448	44.8	0
Marine Toxins	14	460	32.857142857142854	1
this.	5	161	32.2	0
pianoforte	10	442	44.2	0
he	2	101	50.5	0
especially	10	434	43.4	0
Hearing Loss in Children	25	819	32.76	1
Falls, Older Adults	20	631	31.55	1
Mad Cow Disease	16	539	33.6875	1
EBV Infection	14	452	32.285714285714285	1
Infertility	12	460	38.333333333333336	1
believing	9	436	48.44444444444444	0
uneasy	6	333	55.5	0
Hepatitis B Vaccination	24	863	35.958333333333336	1
Cough and Cold Medicines	25	846	33.84	1
contrasted	10	432	43.2	0
Sore Throat	12	448	37.333333333333336	1
Adenovirus Vaccination	23	764	33.21739130434783	1
Ringworm from Animals	22	719	32.68181818181818	1
husbands	8	325	40.625	0
Group B Streptococcal Infection	32	969	30.28125	1
man	3	207	69.0	0
Rickettsia rickettsii Infection	32	969	30.28125	1
Anaplasmosis, Human	20	547	27.35	1
walls	5	223	44.6	0
Carrió	8	384	48.0	1
objection	9	442	49.111111111111114	0
Congenital Hearing Loss	24	777	32.375	1
continual	9	432	48.0	0
Clostridium botulinum Infection	32	969	30.28125	1
Lou Gehrig's Disease	21	712	33.904761904761905	1
Multiple organ dysfunction syndrome	36	1249	34.69444444444444	1
Bacterial Vaginosis	20	671	33.55	1
Multidrug-Resistant TB	23	631	27.434782608695652	1
of	2	102	51.0	0
Fascioliasis	13	442	34.0	1
Campy	6	243	40.5	1
Klebsiella pneumoniae	22	760	34.54545454545455	1
Cervical Cancer	16	531	33.1875	1
Prostate Cancer	16	531	33.1875	1
or	2	114	57.0	0
collecting	10	434	43.4	0
Relapsing Fever, Tick-borne	28	900	32.142857142857146	1
post	4	231	57.75	0
admiration	10	442	44.2	0
DPHSWD	7	165	23.571428571428573	1
AIDS	5	93	18.6	1
forth	5	220	44.0	0
off	3	204	68.0	0
Blastomycosis	14	456	32.57142857142857	1
hoped	5	201	40.2	0
Chronic Traumatic Encephalopathy	33	1193	36.15151515151515	1
difficulty	10	462	46.2	0
am	2	109	54.5	0
Tick-borne Relapsing Fever	27	864	32.0	1
Occupational Stress	20	654	32.7	1
Extensively Drug-Resistant TB	30	966	32.2	1
Heart Disease and Genetics	27	860	31.85185185185185	1
Developmental Disabilities	27	960	35.55555555555556	1
CKD	4	78	19.5	1
unaffected	10	416	41.6	0
Chronic Wasting Disease	24	744	31.0	1
Clostridium tetani Infection	29	937	32.310344827586206	1
Cervical Cancer	16	531	33.1875	1
Clotting Disorders	19	665	35.0	1
Genetics and Obesity	21	745	35.476190476190474	1
alteration	10	442	44.2	0
Bacillus anthracis Infection	29	937	32.310344827586206	1
make.	5	147	29.4	0
and	3	210	70.0	0
LACV	5	96	19.2	1
Symptom Relief for Upper Respiratory Infections	48	1643	34.229166666666664	1
Testicular Cancer	18	598	33.22222222222222	1
esteem	6	311	51.833333333333336	0
Cholera	8	221	27.625	1
one	3	211	70.33333333333333	0
Anisakis Infection	19	652	34.31578947368421	1
Ehrlichiosis, Human	20	547	27.35	1
ME/CFS	7	163	23.285714285714285	1
early.	6	275	45.833333333333336	0
ye	2	101	50.5	0
Pulmonary Embolism	19	656	34.526315789473685	1
Sporotrichosis	15	560	37.333333333333336	1
International Micronutrient Malnutrition Prevention & Control Program	70	2161	30.87142857142857	1
KFD	4	78	19.5	1
Musculoskeletal Disorders	26	885	34.03846153846154	1
Dermatophyte Infection	23	754	32.78260869565217	1
as	2	115	57.5	0
praise	6	321	53.5	0
Giardiasis	11	345	31.363636363636363	1
Stroke	7	218	31.142857142857142	1
wanted	6	317	52.833333333333336	0
Amyotrophic Lateral Sclerosis	30	993	33.1	1
Strep Throat	13	448	34.46153846153846	1
but	3	233	77.66666666666667	0
EEE	4	79	19.75	1
Overweight and Obesity	23	745	32.391304347826086	1
La Crosse Encephalitis	23	760	33.04347826086956	1
led	3	201	67.0	0
an.	3	156	52.0	0
in.	3	156	52.0	0
Thrombosis	11	345	31.363636363636363	1
Parvovirus B19 Infection	25	864	34.56	1
led	3	201	67.0	0
uneasy	6	333	55.5	0
LAC	4	77	19.25	1
Fetal Alcohol Spectrum Disorders	33	1094	33.15151515151515	1
jennings	8	328	41.0	0
Onchocerciasis	15	547	36.46666666666667	1
Kawasaki Syndrome	18	655	36.388888888888886	1
Fungal Eye Infections	22	767	34.86363636363637	1
Asthma	7	216	30.857142857142858	1
Creutzfeldt-Jakob Disease, Classic	35	1008	28.8	1
Farm Animals, Infections from	30	1035	34.5	1
Body Lice	10	315	31.5	1
TB	3	76	25.333333333333332	1
terms	5	224	44.8	0
Brainerd Diarrhea	18	637	35.388888888888886	1
To	2	111	55.5	0
known	5	229	45.8	0
Global Health Security	23	783	34.04347826086956	1
Louse-borne Relapsing Fever	28	864	30.857142857142858	1
yet	3	217	72.33333333333333	0
unpleasant	10	438	43.8	0
Pelvic Inflammatory Disease	28	865	30.892857142857142	1
MDR TB	7	160	22.857142857142858	1
Stress, Occupational	21	754	35.904761904761905	1
FXS	4	93	23.25	1
no.	3	157	52.333333333333336	0
perceived	9	424	47.111111111111114	0
Pedestrian Injury	18	651	36.166666666666664	1
belonging	9	421	46.77777777777778	0
Flu Vaccination	16	549	34.3125	1
Childhood Overweight and Obesity	33	1084	32.84848484848485	1
Outbreaks	10	329	32.9	1
Myelomeningocele	17	530	31.176470588235293	1
Burkholderia pseudomallei Infection	36	1175	32.638888888888886	1
so	2	111	55.5	0
are	3	215	71.66666666666667	0
without	7	344	49.142857142857146	0
Chlamydia psittaci Infection	29	937	32.310344827586206	1
any	3	231	77.0	0
EVD	4	78	19.5	1
Salmonella Infection from Animals	34	1085	31.91176470588235	1
Systemic lupus erythematosus	29	995	34.310344827586206	1
feet	4	217	54.25	0
Sappinia Infection	19	652	34.31578947368421	1
view	4	220	55.0	0
esteem	6	311	51.833333333333336	0
me	2	101	50.5	0
Ringworm	9	344	38.22222222222222	1
or	2	114	57.0	0
Colorectal	11	331	30.09090909090909	1
on	2	110	55.0	0
Baylisascaris Infection	24	864	36.0	1
post	4	231	57.75	0
Group A Streptococcal Infection	32	969	30.28125	1
FETP	5	90	18.0	1
engage	6	301	50.166666666666664	0
respect	7	316	45.142857142857146	0
Pet-Related Diseases	21	759	36.142857142857146	1
acceptance	10	407	40.7	0
to	2	111	55.5	0
gay	3	218	72.66666666666667	0
JE	3	79	26.333333333333332	1
need	4	201	50.25	0
Bioterrorism Agents/Diseases	29	874	30.137931034482758	1
Borreliosis, Louse-borne	25	805	32.2	1
county	6	347	57.833333333333336	0
Microcephaly	13	440	33.84615384615385	1
Swimming-related Illness	25	772	30.88	1
microalgal bloom-associated illness	36	1218	33.833333333333336	1
Mumps	6	237	39.5	1
arranging	9	421	46.77777777777778	0
Screening for Critical Congenital Heart Defects	48	1481	30.854166666666668	1
Recreational Water Illness	27	886	32.81481481481482	1
in	2	110	55.0	0
Pneumonia	10	322	32.2	1
departure	9	448	49.77777777777778	0
Babesiosis	11	345	31.363636363636363	1
Soil Transmitted Helminths	27	950	35.18518518518518	1
Muscular Dystrophy	19	688	36.21052631578947	1
Global Measles Elimination	27	978	36.22222222222222	1
Lead Poisoning	15	549	36.6	1
genius	6	337	56.166666666666664	0
is	2	115	57.5	0
own	3	229	76.33333333333333	0
Hendra Virus Disease	21	712	33.904761904761905	1
CMV	4	96	24.0	1
Meningococcal Vaccination	26	863	33.19230769230769	1
arise	5	216	43.2	0
Peripheral Arterial Insufficiency	34	1186	34.88235294117647	1
Clostridium perfringens infection	34	1116	32.8235294117647	1
other	5	215	43.0	0
belonging	9	421	46.77777777777778	0
speaking.	9	364	40.44444444444444	0
screened.	9	357	39.666666666666664	0
ten	3	211	70.33333333333333	0
BSE	4	79	19.75	1
at	2	116	58.0	0
attending	9	418	46.44444444444444	0
no	2	111	55.5	0
Cysticercosis	14	456	32.57142857142857	1
Carbapenem resistant Klebsiella pneumonia	42	1428	34.0	1
who	3	215	71.66666666666667	0
People at High Risk	20	555	27.75	1
if	2	102	51.0	0
Screening for Critical Congenital Heart Defects	48	1481	30.854166666666668	1
Acquired Immunodeficiency Syndrome 	36	1143	31.75	1
no	2	111	55.5	0
Syphilis	9	338	37.55555555555556	1
Hearing impairment	19	665	35.0	1
Throat, Sore	13	419	32.23076923076923	1
Diphyllobothrium Infection	27	937	34.7037037037037	1
TBRF	5	80	16.0	1
Relapsing Fever, Tick-borne	28	900	32.142857142857146	1
In	2	110	55.0	0
year	4	211	52.75	0
JE	3	79	26.333333333333332	1
ask	3	222	74.0	0
laughter	8	331	41.375	0
CJD, Classic	13	444	34.15384615384615	1
trees	5	216	43.2	0
projection	10	442	44.2	0
Children's Cough and Cold Medicines	36	1163	32.30555555555556	1
Glanders	9	340	37.77777777777778	1
Sporotrichosis	15	560	37.333333333333336	1
Prostate Cancer	16	531	33.1875	1
TB	3	76	25.333333333333332	1
Acquired Immune Deficiency Syndrome 	37	1143	30.89189189189189	1
GAS	4	93	23.25	1
Lyme Disease	13	424	32.61538461538461	1
Influenza Vaccination	22	764	34.72727272727273	1
Raccoon Roundworm Infection	28	937	33.464285714285715	1
Aspergillus Infection	22	754	34.27272727272727	1
two	3	230	76.66666666666667	0
Kernicterus	12	457	38.083333333333336	1
incommode	9	421	46.77777777777778	0
MD	3	78	26.0	1
Pontiac Fever	14	444	31.714285714285715	1
Dirofilariasis	15	547	36.46666666666667	1
Ancylostoma duodenale Infection, Necator americanus Infection	62	2033	32.79032258064516	1
Aortic Dissection	18	652	36.22222222222222	1
Lymphocytic Choriomeningitis	29	980	33.793103448275865	1
bed	3	201	67.0	0
depending	9	418	46.44444444444444	0
Campylobacter Infection	24	864	36.0	1
seems	5	224	44.8	0
is	2	115	57.5	0
Scrub Typhus	13	458	35.23076923076923	1
her	3	215	71.66666666666667	0
American Indian and Alaska Native Vaccination	46	1501	32.630434782608695	1
Malaria	8	212	26.5	1
nature	6	332	55.333333333333336	0
Chronic Disease Prevention	27	996	36.888888888888886	1
remaining	9	428	47.55555555555556	0
wondered	8	315	39.375	0
saw	3	216	72.0	0
River Blindness	16	551	34.4375	1
Leishmania Infection	21	754	35.904761904761905	1
impression	10	441	44.1	0
relied	6	306	51.0	0
Law	3	216	72.0	0
fond	4	210	52.5	0
on	2	110	55.0	0
Fasciitis, Necrotizing	23	782	34.0	1
Gynecologic Cancers	20	646	32.3	1
Why	3	225	75.0	0
Herpesvirus simiae	19	642	33.78947368421053	1
Rickettsial Diseases	21	759	36.142857142857146	1
Falls from Elevation	21	768	36.57142857142857	1
he	2	101	50.5	0
to	2	111	55.5	0
Influenza in Pigs	18	555	30.833333333333332	1
favour	6	342	57.0	0
oppose.	7	262	37.42857142857143	0
ACE	4	79	19.75	1
PCV	4	96	24.0	1
Obesity and Genetics	21	757	36.04761904761905	1
say	3	218	72.66666666666667	0
Rift Valley Fever	18	546	30.333333333333332	1
at.	3	162	54.0	0
enjoy	5	232	46.4	0
Measles	8	226	28.25	1
Genital Herpes	15	553	36.86666666666667	1
Emerging Infectious Diseases	29	859	29.620689655172413	1
Cerebral Palsy	15	531	35.4	1
entreaties	10	437	43.7	0
Hepatitis, Viral	17	520	30.58823529411765	1
too	3	222	74.0	0
as	2	115	57.5	0
child	5	208	41.6	0
Cystoisosporiasis	18	661	36.72222222222222	1
Crimean-Congo hemorrhagic fever	32	982	30.6875	1
B. cepacia infection	21	754	35.904761904761905	1
be	2	101	50.5	0
Attention Deficit/Hyperactivity Disorder	41	1330	32.4390243902439	1
mirth	5	220	44.0	0
GDDER	6	161	26.833333333333332	1
an	2	110	55.0	0
Astonished	10	420	42.0	0
perceived	9	424	47.111111111111114	0
German Measles	15	546	36.4	1
summer	6	324	54.0	0
his	3	220	73.33333333333333	0
MERS-CoV	9	274	30.444444444444443	1
Amebiasis, Intestinal	22	762	34.63636363636363	1
to	2	111	55.5	0
Molluscum Contagiosum	22	767	34.86363636363637	1
as.	3	161	53.666666666666664	0
Rodents, Diseases from	23	694	30.17391304347826	1
IBD	4	78	19.5	1
appearance.	11	356	32.36363636363637	0
RMSF	5	80	16.0	1
Diphtheria Vaccination	23	764	33.21739130434783	1
Health Disparities in HIV/AIDS, Viral Hepatitis, STDs, and TB	62	1655	26.693548387096776	1
of	2	102	51.0	0
Naegleria Infection	20	652	32.6	1
GAE	4	79	19.75	1
Brucellosis	12	456	38.0	1
arose.	6	262	43.666666666666664	0
Alkhurma hemorrhagic fever	27	885	32.77777777777778	1
Breastfeeding	14	428	30.571428571428573	1
favourite	9	436	48.44444444444444	0
Bird Flu	9	305	33.888888888888886	1
margaret	8	331	41.375	0
ladyship	8	321	40.125	0
Genetics and Mental Health	27	845	31.296296296296298	1
Ciguatera Fish Poisoning	25	880	35.2	1
sense.	6	262	43.666666666666664	0
out	3	233	77.66666666666667	0
evil.	5	154	30.8	0
is.	3	161	53.666666666666664	0
Rotavirus Infection	20	652	32.6	1
was	3	212	70.66666666666667	0
disposing	9	433	48.111111111111114	0
LCM	4	87	21.75	1
Lice, Pubic	12	429	35.75	1
it.	3	162	54.0	0
CHIKV	6	171	28.5	1
Impossible	10	412	41.2	0
seemed.	7	247	35.285714285714285	0
Epilepsy	9	358	39.77777777777778	1
Peripheral Vascular Disease	28	858	30.642857142857142	1
C. diff. Infection	19	652	34.31578947368421	1
as	2	115	57.5	0
situation	9	442	49.111111111111114	0
Blastocystis Infection	23	754	32.78260869565217	1
Thrush	7	229	32.714285714285715	1
no	2	111	55.5	0
his	3	220	73.33333333333333	0
Burkholderia mallei	20	638	31.9	1
Overweight and Obesity, Childhood	34	996	29.294117647058822	1
Rodent Control	15	569	37.93333333333333	1
at	2	116	58.0	0
we	2	101	50.5	0
Angiostrongylus Infection	26	864	33.23076923076923	1
She	3	205	68.33333333333333	0
hours	5	229	45.8	0
Balantidiasis	14	442	31.571428571428573	1
Scale	5	209	41.8	0
Nocardiosis	12	456	38.0	1
unreserved	10	433	43.3	0
Abilities	9	437	48.55555555555556	0
Trichomoniasis	15	547	36.46666666666667	1
Delivered	9	416	46.22222222222222	0
we	2	101	50.5	0
doubt	5	214	42.8	0
STDs	5	125	25.0	1
Mumps Vaccination	18	659	36.611111111111114	1
excellent.	10	373	37.3	0
out	3	233	77.66666666666667	0
Adult Vaccinations	19	664	34.94736842105263	1
yet	3	217	72.33333333333333	0
Kawasaki Disease	17	539	31.705882352941178	1
Measles Vaccination	20	659	32.95	1
Micronutrient Malnutrition	27	1014	37.55555555555556	1
his.	4	161	40.25	0
to	2	111	55.5	0
Herpes, Genital	16	546	34.125	1
sentiments	10	442	44.2	0
Plague	7	228	32.57142857142857	1
brought	7	323	46.142857142857146	0
Keratitis, Fungal	18	615	34.166666666666664	1
Peripheral Arterial Disease	28	852	30.428571428571427	1
Stimulated	10	414	41.4	0
Feebly	6	327	54.5	0
no	2	111	55.5	0
at	2	116	58.0	0
do	2	111	55.5	0
an.	3	156	52.0	0
Chickenpox	11	353	32.09090909090909	1
Shingles Vaccination	21	764	36.38095238095238	1
SARS	5	93	18.6	1
His	3	220	73.33333333333333	0
Parainfluenza	14	440	31.428571428571427	1
mr	2	114	57.0	0
Carpal Tunnel Syndrome	23	776	33.73913043478261	1
Vaginal and Vulvar Cancers	27	859	31.814814814814813	1
in	2	110	55.0	0
set	3	217	72.33333333333333	0
Pink Eye	9	301	33.44444444444444	1
In	2	110	55.0	0
Dracunculiasis	15	547	36.46666666666667	1
partiality	10	450	45.0	0
Swimmer's Itch	15	434	28.933333333333334	1
Guillain-Barré Syndrome	25	859	34.36	1
Herpes B virus	15	579	38.6	1
ye.	3	147	49.0	0
Healthy Weight	15	539	35.93333333333333	1
Hearing, Early Detection & Intervention	40	1327	33.175	1
totally	7	337	48.142857142857146	0
C. neoformans cryptococcosis	29	975	33.62068965517241	1
dissimilar	10	424	42.4	0
Capillaria Infection	21	754	35.904761904761905	1
Pediculus humanus capitis	26	791	30.423076923076923	1
Fibromyalgia	13	423	32.53846153846154	1
Healthy Pets, Healthy People	29	880	30.344827586206897	1
like	4	208	52.0	0
Bartonella quintana Infection	30	969	32.3	1
happy	5	233	46.6	0
Me	2	101	50.5	0
Pulmonary Hypertension	23	778	33.82608695652174	1
Influenza	10	339	33.9	1
winter	6	331	55.166666666666664	0
Lujo Hemorrhagic Fever	23	645	28.043478260869566	1
Cat Scratch Disease from Pets	30	922	30.733333333333334	1
Balamuthia Infection	21	754	35.904761904761905	1
discourse	9	447	49.666666666666664	0
Sore Mouth Infection	21	754	35.904761904761905	1
Croh	5	114	22.8	1
is	2	115	57.5	0
cultivated.	11	363	33.0	0
perceive	8	324	40.5	0
Syphilis	9	338	37.55555555555556	1
men.	4	156	39.0	0
on	2	110	55.0	0
Hearing loss, environmental	28	986	35.214285714285715	1
an	2	110	55.0	0
Fasciolopsiasis	16	547	34.1875	1
astonished	10	420	42.0	0
Taenia Infection	17	551	32.411764705882355	1
Abdominal Aortic Aneurysm	26	862	33.15384615384615	1
Family Health History	22	764	34.72727272727273	1
Fifth Disease	14	424	30.285714285714285	1
Runny Nose	11	337	30.636363636363637	1
Farm Worker Injuries	21	778	37.04761904761905	1
newspaper	9	424	47.111111111111114	0
Botulism	9	339	37.666666666666664	1
Human Papillomavirus Infection	31	969	31.258064516129032	1
said	4	205	51.25	0
Heartland Virus Infection	26	864	33.23076923076923	1
Cooley's Anemia	16	532	33.25	1
principles	10	436	43.6	0
Parasitic Diseases	19	654	34.421052631578945	1
Keratitis, Acanthamoeba	24	843	35.125	1
meant	5	226	45.2	0
rapturous	9	457	50.77777777777778	0
Fungal Meningitis	18	664	36.888888888888886	1
B virus Infection	18	652	36.22222222222222	1
preference	10	411	41.1	0
Adverse Childhood Experiences	30	1088	36.266666666666666	1
on.	3	156	52.0	0
Hypothermia	12	435	36.25	1
spirit	6	335	55.833333333333336	0
CRE	4	79	19.75	1
GAE	4	79	19.75	1
African Trypanosomiasis	24	882	36.75	1
Pneumococcal Polysaccharide Vaccine	36	1159	32.19444444444444	1
ample	5	209	41.8	0
but	3	233	77.66666666666667	0
Clostridium difficile Infection	32	969	30.28125	1
Epstein-Barr Virus Infection	29	937	32.310344827586206	1
Obesity and Overweight	23	772	33.56521739130435	1
Polio Infection	16	551	34.4375	1
Corynebacterium diphtheria Infection	37	1171	31.64864864864865	1
joy	3	232	77.33333333333333	0
in	2	110	55.0	0
Hemophilia Treatment Centers	29	882	30.413793103448278	1
music	5	204	40.8	0
Marburg Hemorrhagic Fever	26	750	28.846153846153847	1
Bilharzia	10	334	33.4	1
tedious	7	343	49.0	0
discretion.	11	372	33.81818181818182	0
Epidemic Typhus	16	579	36.1875	1
Poliomyelitis Infection	24	864	36.0	1
sir	3	219	73.0	0
HTC	4	77	19.25	1
ask	3	222	74.0	0
Human Papillomavirus Vaccination	33	1145	34.696969696969695	1
Candida Infection	18	652	36.22222222222222	1
Ascaris Infection	18	652	36.22222222222222	1
are	3	215	71.66666666666667	0
Kala-Azar	10	343	34.3	1
Coal Workers' Pneumoconioses	29	988	34.06896551724138	1
Improving	9	436	48.44444444444444	0
Clonorchiasis	14	442	31.571428571428573	1
Global Disease Detection and Emergency Response	48	1638	34.125	1
Scabies	8	226	28.25	1
Psoriasis	10	345	34.5	1
STDs and HIV/AIDS	18	432	24.0	1
mean	4	207	51.75	0
Flu and Cancer	15	531	35.4	1
Entamoeba histolytica infection	32	1001	31.28125	1
Genital Warts	14	452	32.285714285714285	1
or	2	114	57.0	0
favourable	10	404	40.4	0
TB Surveillance Reports	24	793	33.041666666666664	1
Human Parainfluenza Viruses	28	892	31.857142857142858	1
merry.	6	281	46.833333333333336	0
Cardiovascular Health	22	640	29.09090909090909	1
Anthrax Vaccination	20	659	32.95	1
think	5	217	43.4	0
Shortly	7	345	49.285714285714285	0
Extensive	9	439	48.77777777777778	0
Animal-Related Diseases	24	827	34.458333333333336	1
Mouse and Rat Control	22	747	33.95454545454545	1
hopes.	6	262	43.666666666666664	0
Old	3	208	69.33333333333333	0
pulled	6	309	51.5	0
C. gattii cryptococcosis	25	864	34.56	1
has	3	212	70.66666666666667	0
if	2	102	51.0	0
truth	5	220	44.0	0
Death, Leading Causes of Death in Males	40	1205	30.125	1
Surgical Site Infection	24	864	36.0	1
unpleasant	10	438	43.8	0
Horses, Infections from	24	814	33.916666666666664	1
Hib Infection	14	452	32.285714285714285	1
invitation.	11	372	33.81818181818182	0
pretty	6	353	58.833333333333336	0
promotion	9	442	49.111111111111114	0
do	2	111	55.5	0
received	8	319	39.875	0
six.	4	166	41.5	0
Harmful Algal Bloom	20	547	27.35	1
Hand, Foot, and Mouth Disease	30	964	32.13333333333333	1
wrong	5	213	42.6	0
Streptococcus pneumoniae Infection	35	1070	30.571428571428573	1
consisted	9	432	48.0	0
of	2	102	51.0	0
Admiration	10	442	44.2	0
otherwise	9	440	48.888888888888886	0
Direct	6	316	52.666666666666664	0
Occupational Cancers	21	713	33.95238095238095	1
themselves.	11	380	34.54545454545455	0
Septicemia	11	321	29.181818181818183	1
Repair	6	316	52.666666666666664	0
Neglected Tropical Diseases	28	859	30.678571428571427	1
Liver Disease and Hepatitis	28	949	33.892857142857146	1
Leprosy	8	246	30.75	1
Ringworm	9	344	38.22222222222222	1
throwing.	9	364	40.44444444444444	0
of	2	102	51.0	0
Cryptosporidium Infection	26	864	33.23076923076923	1
Babesiosis	11	345	31.363636363636363	1
cyanobacterial algal bloom-associated illness	46	1533	33.32608695652174	1
me	2	101	50.5	0
BV	3	96	32.0	1
it	2	116	58.0	0
Drug Resistance	16	533	33.3125	1
Capillariasis	14	442	31.571428571428573	1
Flu, Pandemic	14	424	30.285714285714285	1
Childhood Arthritis	20	669	33.45	1
BCG	4	81	20.25	1
terminated	10	414	41.4	0
Pubic Lice	11	315	28.636363636363637	1
did	3	205	68.33333333333333	0
Genetics and Colorectal Cancer	31	951	30.677419354838708	1
Pertussis	10	345	34.5	1
Few	3	220	73.33333333333333	0
how.	4	165	41.25	0
Coccidioidomycosis	19	676	35.578947368421055	1
her	3	215	71.66666666666667	0
Kidney Disease	15	539	35.93333333333333	1
HAB	4	76	19.0	1
TBI	4	83	20.75	1
Candida Infection	18	652	36.22222222222222	1
hearts	6	345	57.5	0
our	3	231	77.0	0
Seasonal Flu	13	337	25.923076923076923	1
Oroya fever	12	444	37.0	1
Shiga toxin-producing E. coli	30	825	27.5	1
september	9	422	46.888888888888886	0
Sportsman	9	431	47.888888888888886	0
RA	3	75	25.0	1
daughter	8	331	41.375	0
Listening	9	428	47.55555555555556	0
Jaundice	9	315	35.0	1
Japanese Encephalitis	22	760	34.54545454545455	1
Ovarian and Breast Cancer and Family Health History	52	1655	31.826923076923077	1
Swine Influenza	16	557	34.8125	1
Nairovirus Infection	21	754	35.904761904761905	1
Pneumoconioses, Coal Workers'	30	938	31.266666666666666	1
if	2	102	51.0	0
Chapare Hemorrhagic Fever	26	750	28.846153846153847	1
High Blood Pressure	20	673	33.65	1
Human Hookworm	15	570	38.0	1
Borrelia burgdorferi Infection	31	969	31.258064516129032	1
Neurocysticercosis	19	669	35.21052631578947	1
Paragonimiasis	15	547	36.46666666666667	1
learn	5	224	44.8	0
or.	3	160	53.333333333333336	0
an	2	110	55.0	0
TB and HIV Coinfection	23	754	32.78260869565217	1
Salmonella Infection	21	754	35.904761904761905	1
Dengue Fever	13	444	34.15384615384615	1
Bartonella bacilliformis Infection	35	1084	30.97142857142857	1
suspicion	9	425	47.22222222222222	0
So	2	111	55.5	0
Cercarial Dermatitis	21	773	36.80952380952381	1
water	5	215	43.0	0
Childhood Injuries	19	668	35.1578947368421	1
Balamuthia mandrillaris Infection	34	1084	31.88235294117647	1
FETP	5	90	18.0	1
now	3	230	76.66666666666667	0
Hypertension	13	451	34.69230769230769	1
Colorectal Cancer Control Program	34	1103	32.44117647058823	1
Fungal Eye Infections	22	767	34.86363636363637	1
stimulated	10	414	41.4	0
Shigella Infection	19	652	34.31578947368421	1
admitting	9	434	48.22222222222222	0
esteem.	7	256	36.57142857142857	0
against	7	341	48.714285714285715	0
Health Disparities in Cancer	29	845	29.137931034482758	1
Or	2	114	57.0	0
Ergonomic and Musculoskeletal Disorders	40	1306	32.65	1
garret	6	331	55.166666666666664	0
Norwalk-like Viruses	21	763	36.333333333333336	1
Small	5	216	43.2	0
Hookworm, Zoonotic	19	662	34.8421052631579	1
Lice	5	111	22.2	1
Granulomatous amebic encephalitis	34	1182	34.76470588235294	1
Lice, Head	11	308	28.0	1
Inflammatory Bowel Disease	27	852	31.555555555555557	1
Corynebacterium diphtheriae Infection	38	1167	30.710526315789473	1
old.	4	146	36.5	0
Pigs, Influenza in	19	586	30.842105263157894	1
do.	3	157	52.333333333333336	0
his	3	220	73.33333333333333	0
his	3	220	73.33333333333333	0
Apartments	10	442	44.2	0
Oral Cancer	12	434	36.166666666666664	1
Thoracic Aortic Aneurysm	25	862	34.48	1
Polio Vaccination	18	659	36.611111111111114	1
think	5	217	43.4	0
Hantavirus Pulmonary Syndrome	30	1012	33.733333333333334	1
men	3	211	70.33333333333333	0
Stroke and Genetics	20	656	32.8	1
Colorectal	11	331	30.09090909090909	1
Pneumocystis pneumonia	23	760	33.04347826086956	1
around	6	327	54.5	0
C. gattii cryptococcosis	25	864	34.56	1
Hard	4	214	53.5	0
again	5	215	43.0	0
Is	2	115	57.5	0
projecting	10	434	43.4	0
settling.	9	364	40.44444444444444	0
TB Data & Statistics	21	781	37.19047619047619	1
me	2	101	50.5	0
Microsporidia Infection	24	864	36.0	1
Lymphedema	11	317	28.818181818181817	1
Sleeping Sickness	18	657	36.5	1
as.	3	161	53.666666666666664	0
Myalgic Encephalomyelitis/ Chronic Fatigue Syndrome	52	1632	31.384615384615383	1
Colorado Tick Fever	20	546	27.3	1
Family Health	14	435	31.071428571428573	1
Skin Cancer	12	434	36.166666666666664	1
Flu	4	127	31.75	1
disposal.	9	366	40.666666666666664	0
sir	3	219	73.0	0
his	3	220	73.33333333333333	0
MAC	4	77	19.25	1
Rabies Vaccination	19	659	34.68421052631579	1
Sinus Infection	16	551	34.4375	1
CCHF	5	80	16.0	1
connection	10	442	44.2	0
in	2	110	55.0	0
Sleep and Sleep Disorders	26	885	34.03846153846154	1
wholly	6	337	56.166666666666664	0
branch	6	313	52.166666666666664	0
Dipylidium Infection	21	754	35.904761904761905	1
really.	7	275	39.285714285714285	0
put	3	233	77.66666666666667	0
Aspergillosis	14	456	32.57142857142857	1
how	3	230	76.66666666666667	0
Mucormycosis	13	456	35.07692307692308	1
in	2	110	55.0	0
Breast Cancer	14	434	31.0	1
he	2	101	50.5	0
SFGR	5	92	18.4	1
objection	9	442	49.111111111111114	0
Group A Strep Infection	24	864	36.0	1
Elizabethkingia Infection	26	864	33.23076923076923	1
COPD	5	78	15.6	1
H3N2v influenza	16	557	34.8125	1
Francisella tularensis Infection	33	1084	32.84848484848485	1
Nutrition	10	336	33.6	1
Tetanus	8	242	30.25	1
Gnathostoma Infection	22	754	34.27272727272727	1
TB Testing & Diagnosis	23	766	33.30434782608695	1
Domestic	8	320	40.0	0
an	2	110	55.0	0
his.	4	161	40.25	0
Division of Public Health Systems and Workforce Development	60	2056	34.266666666666666	1
Histoplasma capsulatum Infection	33	1078	32.666666666666664	1
Nay	3	218	72.66666666666667	0
thoroughly	10	436	43.6	0
Fibromyalgia	13	423	32.53846153846154	1
Chikungunya Fever	18	546	30.333333333333332	1
Middle East Respiratory Syndrome Coronavirus	45	1542	34.266666666666666	1
KD	3	78	26.0	1
Canine Flu	11	305	27.727272727272727	1
immediate.	10	360	36.0	0
Omsk hemorrhagic fever	23	677	29.434782608695652	1
Lice, Body	11	342	31.09090909090909	1
existence	9	411	45.666666666666664	0
Scarlet Fever	14	444	31.714285714285715	1
It	2	116	58.0	0
Balantidium Infection	22	754	34.27272727272727	1
Aortic Aneurysm	16	586	36.625	1
new.	4	165	41.25	0
nature	6	332	55.333333333333336	0
Hookworm, Human	16	515	32.1875	1
CKD	4	78	19.5	1
Smoking and Tobacco Use	24	749	31.208333333333332	1
insensible	10	412	41.2	0
TB in African-Americans	24	860	35.833333333333336	1
Pinworm Infection	18	652	36.22222222222222	1
Strongyloidiasis	17	547	32.1764705882353	1
Sodium	7	236	33.714285714285715	1
incommode	9	421	46.77777777777778	0
Enterovirus D68	16	335	20.9375	1
Cronobacter Infection	22	754	34.27272727272727	1
do	2	111	55.5	0
Hemoglobinopathies	19	648	34.10526315789474	1
Healthcare Associated Infections	33	1084	32.84848484848485	1
Fungal diseases	16	539	33.6875	1
inquietude	10	434	43.4	0
to	2	111	55.5	0
DVT	4	94	23.5	1
dissimilar.	11	365	33.18181818181818	0
plate	5	217	43.4	0
Myiasis	8	230	28.75	1
insipidity	10	442	44.2	0
Genital Candidiasis	20	647	32.35	1
Ciguatoxin	11	345	31.363636363636363	1
American Trypanosomiasis	25	882	35.28	1
great	5	213	42.6	0
Lupus	6	242	40.333333333333336	1
Tickborne Diseases	19	654	34.421052631578945	1
Bed	3	201	67.0	0
pianoforte	10	442	44.2	0
Adenovirus Infection	21	754	35.904761904761905	1
principles	10	436	43.6	0
Ehrlichiosis, Human	20	547	27.35	1
PID	4	78	19.5	1
Chlamydia	10	312	31.2	1
Atrial fibrillation	20	657	32.85	1
of	2	102	51.0	0
Rubella	8	215	26.875	1
Spina Bifida	13	414	31.846153846153847	1
HIV/AIDS	9	234	26.0	1
Genetics and Stroke	20	642	32.1	1
Genital Herpes	15	553	36.86666666666667	1
MMR Vaccination	16	549	34.3125	1
Tapeworm Infection	19	652	34.31578947368421	1
Dog Flea Tapeworm	18	676	37.55555555555556	1
Cryptosporidiosis	18	661	36.72222222222222	1
itself	6	311	51.833333333333336	0
matter	6	331	55.166666666666664	0
Division of Public Health Systems and Workforce Development	60	2056	34.266666666666666	1
Prion Diseases	15	539	35.93333333333333	1
Lassa Fever	12	444	37.0	1
Schistosoma Infection	22	754	34.27272727272727	1
collecting	10	434	43.4	0
Rheumatoid Arthritis	21	785	37.38095238095238	1
went	4	226	56.5	0
Non-Polio Enterovirus Infections	33	1084	32.84848484848485	1
do	2	111	55.5	0
no	2	111	55.5	0
STARI	6	165	27.5	1
Diphtheria	11	326	29.636363636363637	1
Sexually Transmitted Disease Surveillance Reports	50	1622	32.44	1
Borreliosis, Tick-borne	24	795	33.125	1
unsatiable	10	404	40.4	0
Aseptic Meningitis	19	664	34.94736842105263	1
Meningitis	11	346	31.454545454545453	1
dull	4	216	54.0	0
Extreme Cold	13	396	30.46153846153846	1
Heart Disease	14	424	30.285714285714285	1
Smallpox	9	353	39.22222222222222	1
Hot Tub Rash	13	408	31.384615384615383	1
society	7	338	48.285714285714285	0
Thalassemia	12	422	35.166666666666664	1
how	3	230	76.66666666666667	0
Classic Creutzfeldt-Jakob Disease	34	1060	31.176470588235293	1
say	3	218	72.66666666666667	0
La Crosse Encephalitis virus	29	947	32.6551724137931	1
travelling	10	426	42.6	0
Anisakiasis	12	442	36.833333333333336	1
whatever	8	333	41.625	0
Throat, Strep	14	453	32.357142857142854	1
C. neoformans cryptococcosis	29	975	33.62068965517241	1
Flavorings-Related Lung Disease	32	957	29.90625	1
Ovarian Cancer	15	531	35.4	1
HPS	4	93	23.25	1
Tapeworm, Dog and Cat Flea	27	730	27.037037037037038	1
Chest Cold	11	329	29.90909090909091	1
Gynecologic Cancers	20	646	32.3	1
Psittacosis	12	456	38.0	1
Unsatiable	10	404	40.4	0
Chagas Disease	15	539	35.93333333333333	1
Phthiriasis	12	442	36.833333333333336	1
Sporotrichosis	15	560	37.333333333333336	1
Down Syndrome	14	445	31.785714285714285	1
Lockjaw Vaccination	20	659	32.95	1
LUHF	5	80	16.0	1
of	2	102	51.0	0
Valley Fever	13	444	34.15384615384615	1
Chickenpox Vaccination	23	764	33.21739130434783	1
Concussion	11	336	30.545454545454547	1
comparison	10	441	44.1	0
Acanthamoeba Infection	23	754	32.78260869565217	1
Osteoarthritis	15	565	37.666666666666664	1
OHF	4	80	20.0	1
Pseudomonas aeruginosa Infection	33	1066	32.303030303030305	1
at	2	116	58.0	0
denoting	8	318	39.75	0
Orf Virus Infection	20	652	32.6	1
Relapsing Fever, Louse-borne	29	922	31.79310344827586	1
Guinea Worm Disease	20	644	32.2	1
Hazardous Drug Exposures in Healthcare	39	1266	32.46153846153846	1
Exserohilum rostratum	22	794	36.09090909090909	1
Skin Conditions, Occupational	30	1082	36.06666666666667	1
Legionellosis	14	456	32.57142857142857	1
Chronic Obstructive Pulmonary Disease	38	1186	31.210526315789473	1
perceive.	9	370	41.111111111111114	0
are	3	215	71.66666666666667	0
as.	3	161	53.666666666666664	0
Expect	6	316	52.666666666666664	0
Mucormycosis	13	456	35.07692307692308	1
Pneumocystis pneumonia	23	760	33.04347826086956	1
education	9	442	49.111111111111114	0
Sir	3	219	73.0	0
Chlamydia trachomatis Disease	30	964	32.13333333333333	1
PE	3	79	26.333333333333332	1
Acinetobacter Infection	24	864	36.0	1
Listeria Infection	19	652	34.31578947368421	1
chief	5	203	40.6	0
Projecting	10	434	43.4	0
Discovered	10	416	41.6	0
partiality	10	450	45.0	0
Otitis Media	13	413	31.76923076923077	1
resolution	10	442	44.2	0
Recalled Vaccines	18	639	35.5	1
principle	9	426	47.333333333333336	0
old	3	208	69.33333333333333	0
Rotavirus Vaccination	22	764	34.72727272727273	1
Obesity and Overweight, Childhood	34	996	29.294117647058822	1
and	3	210	70.0	0
add	3	200	66.66666666666667	0
as	2	115	57.5	0
Enterovirus Infections	23	767	33.34782608695652	1
Babesia Infection	18	652	36.22222222222222	1
season	6	336	56.0	0
Candidiasis	12	442	36.833333333333336	1
immediate	9	419	46.55555555555556	0
Mental Health	14	435	31.071428571428573	1
can	3	207	69.0	0
my	2	121	60.5	0
fond	4	210	52.5	0
Seizure disorder	17	550	32.35294117647059	1
sense	5	216	43.2	0
besides	7	316	45.142857142857146	0
Campylobacteriosis	19	675	35.526315789473685	1
ten	3	211	70.33333333333333	0
affection.	10	372	37.2	0
hill	4	216	54.0	0
recommend	9	420	46.666666666666664	0
Enterobius vermicularis Infection	34	1084	31.88235294117647	1
Cancer Health Disparities	26	875	33.65384615384615	1
Dog Heartworm	14	463	33.07142857142857	1
Amphibians and Fish, Infections from	37	1235	33.37837837837838	1
sex	3	221	73.66666666666667	0
agreeable	9	404	44.888888888888886	0
on.	3	156	52.0	0
after	5	215	43.0	0
Pneumococcal Conjugate Vaccine	31	956	30.838709677419356	1
HPV Infection	14	452	32.285714285714285	1
know	4	230	57.5	0
enjoyment	9	436	48.44444444444444	0
Preference	10	411	41.1	0
Staph	6	226	37.666666666666664	1
in	2	110	55.0	0
Fasciola Infection	19	652	34.31578947368421	1
noise, environmental	21	761	36.23809523809524	1
Japanese Encephalitis	22	760	34.54545454545455	1
For	3	225	75.0	0
screened	8	311	38.875	0
excellence	10	411	41.1	0
how	3	230	76.66666666666667	0
noise, recreational	20	657	32.85	1
Loiasis	8	230	28.75	1
led	3	201	67.0	0
Arthritis	10	346	34.6	1
Powassan	9	332	36.888888888888886	1
dispatched	10	404	40.4	0
Gastrointestinal Diseases from Animals	39	1219	31.256410256410255	1
him	3	214	71.33333333333333	0
Respiratory Syncytial Virus Infection	38	1201	31.605263157894736	1
Folliculitis	13	451	34.69230769230769	1
since.	6	246	41.0	0
Dissuade	8	298	37.25	0
Eastern Equine Encephalitis	28	973	34.75	1
Oropharyngeal Candidiasis	26	852	32.76923076923077	1
Southern Tick-Associated Rash Illness	38	1170	30.789473684210527	1
branched	8	305	38.125	0
smallness	9	441	49.0	0
Echinococcosis	15	555	37.0	1
Rheumatoid Arthritis	21	785	37.38095238095238	1
dashwood	8	322	40.25	0
Family Health History and Breast and Ovarian Cancer	52	1592	30.615384615384617	1
roof	4	213	53.25	0
Years	5	229	45.8	0
People at High Risk	20	555	27.75	1
Necrotizing Fasciitis	22	770	35.0	1
On	2	110	55.0	0
Influenza and Cancer	21	630	30.0	1
Mycoplasma pneumoniae Infection	32	969	30.28125	1
Influenza, Pandemic	20	634	31.7	1
since.	6	246	41.0	0
EHDI	5	83	16.6	1
side	4	201	50.25	0
Whence	6	310	51.666666666666664	0
TB and the African-American Communtiy	38	1214	31.94736842105263	1
Arenavirus Infection	21	754	35.904761904761905	1
Chlamydia	10	312	31.2	1
Law	3	216	72.0	0
Salmonella typhi infection	27	969	35.888888888888886	1
large.	6	250	41.666666666666664	0
to	2	111	55.5	0
Bronchiolitis	14	451	32.214285714285715	1
Cats, Infections from	22	703	31.954545454545453	1
Pregnancy	10	340	34.0	1
in	2	110	55.0	0
Newborn Hearing	16	539	33.6875	1
existence	9	411	45.666666666666664	0
enjoyment	9	436	48.44444444444444	0
Herpes Zoster Vaccination	26	863	33.19230769230769	1
Ovarian Cancer	15	531	35.4	1
strangers.	10	376	37.6	0
Field Epidemiology Training Program	36	1198	33.27777777777778	1
seen	4	211	52.75	0
CTF	4	80	20.0	1
apartments	10	442	44.2	0
Lung Cancer	12	434	36.166666666666664	1
Servants	8	341	42.625	0
gay	3	218	72.66666666666667	0
Dengue Hemorrhagic Fever	25	750	30.0	1
Joy	3	232	77.33333333333333	0
Streptobacillus moniliformis Infection	39	1298	33.282051282051285	1
Cyclosporiasis	15	547	36.46666666666667	1
Fungal Pneumonia	17	542	31.88235294117647	1
Sexually Transmitted Diseases	30	959	31.966666666666665	1
highly	6	333	55.5	0
Pediculus humanus corporis	27	923	34.18518518518518	1
Mycobacterium avium Complex	28	879	31.392857142857142	1
